PH,StartCount,VEmax,R0,VEest,CILow,CIUp,SS
0.1,6,0.5,0.37,24.01809104,7.595709571,38.76352772,1042.934587
0.1,6,0.5,0.5,30.50246424,10.72063677,42.27347884,550.3861003
0.1,6,0.5,0.61,32.04058032,14.62461088,47.42581602,383.1111577
0.1,6,0.5,0.7,35.89883268,13.97789378,51.97661185,243.8112118
0.1,6,0.5,0.8,38.03331385,12.42564554,57.60287984,186.4901141
0.1,6,0.6,0.37,29.67762011,9.490384615,43.88363546,674.1212673
0.1,6,0.6,0.5,35.0552523,16.25490196,51.76511656,361.8601871
0.1,6,0.6,0.61,39.60064935,13.64797217,55.17843475,228.5484737
0.1,6,0.6,0.7,42.67904303,23.11887843,59.9102513,162.0890713
0.1,6,0.6,0.8,47.40683826,25.63417472,62.41867201,118.4753857
0.1,6,0.7,0.37,34.31078767,13.69047619,49.54627404,578.5106916
0.1,6,0.7,0.5,40.0617284,17.98865069,56.49017802,268.0493619
0.1,6,0.7,0.61,41.75531915,22.31521739,62.46315035,160.7937171
0.1,6,0.7,0.7,48.58032787,25.66912093,64.85223762,124.4878567
0.1,6,0.7,0.8,50.56397306,26.15117015,68.30139755,93.67788017
0.1,6,0.8,0.37,36.88922489,11.61827957,58.29299002,371.7494302
0.1,6,0.8,0.5,45.94659418,15.17033941,63.94675926,207.8621345
0.1,6,0.8,0.61,50.82665978,20.36156727,65.18296922,122.5582712
0.1,6,0.8,0.7,53.6271809,29.18831169,71.78623188,97.7513637
0.1,6,0.8,0.8,56.78643725,29.39434129,74.8877551,76.66280329
0.1,6,0.9,0.37,42.85714286,12.35190097,58.58314732,352.9103919
0.1,6,0.9,0.5,51.11331024,19.75848385,66.15599566,151.9433055
0.1,6,0.9,0.61,53.54645355,25.94727047,71.89343399,96.95367477
0.1,6,0.9,0.7,56.33802817,33.34519023,75.13993461,79.37422809
0.1,6,0.9,0.8,61.73554979,39.76297669,75.72427908,59.5111309
0.1,11,0.5,0.37,38.47706032,18.91678371,57.14941825,472.9522951
0.1,11,0.5,0.5,44.9852071,24.02899218,62.40167754,325.3416126
0.1,11,0.5,0.61,45.30612245,24.22596369,66.82928994,148.0776289
0.1,11,0.5,0.7,49.13733609,26.50387597,64.08559953,153.1608008
0.1,11,0.5,0.8,50.51736321,21.30054473,68.02231719,103.2249407
0.1,11,0.6,0.37,43.75,22.4270557,59.59733894,399.4163784
0.1,11,0.6,0.5,52.35248958,31.38321416,66.99292453,194.6141168
0.1,11,0.6,0.61,55.83333333,22.74493927,71.43181818,115.9801391
0.1,11,0.6,0.7,55.24548119,27.60416667,74.30603448,95.89478694
0.1,11,0.6,0.8,58.18604265,33.21034137,75.88984929,72.36452759
0.1,11,0.7,0.37,50.70646766,22.44727047,69.07991202,284.6291463
0.1,11,0.7,0.5,58.79752431,3.352272727,76.21235955,140.7859409
0.1,11,0.7,0.61,63.4102755,28.42991914,78.48290598,92.0275388
0.1,11,0.7,0.7,63.78539493,37.13709677,79.65243902,70.18085784
0.1,11,0.7,0.8,66.8115942,40.80551524,80.55710048,54.24555135
0.1,11,0.8,0.37,59.46870926,23.52941176,77.6933112,207.8723083
0.1,11,0.8,0.5,63.56421356,35.36086957,80.37951807,115.466496
0.1,11,0.8,0.61,69.58307973,44.91196013,84.4614764,69.84687148
0.1,11,0.8,0.7,69.50483092,40.75,88.51890756,56.34566718
0.1,11,0.8,0.8,74.35046987,46.13405797,86.18439017,45.62761316
0.1,11,0.9,0.37,62.64534884,26.07954545,81.84194712,174.9602673
0.1,11,0.9,0.5,71.56334232,41.35714286,88.15908331,89.34568945
0.1,11,0.9,0.61,73.42747112,45.56156156,89.09722222,60.22573396
0.1,11,0.9,0.7,77.77777778,56.44791667,92.30769231,46.37709845
0.1,11,0.9,0.8,79.42550852,60.13528963,93.12824752,36.48006387
0.1,16,0.5,0.37,48.83190118,21.77801724,72.11624246,359.7417032
0.1,16,0.5,0.5,52.12862319,22.67405063,70.25819672,218.2135745
0.1,16,0.5,0.61,55.55555556,29.1953125,72.99463415,136.1280469
0.1,16,0.5,0.7,55.75733226,24.1395202,74.81994604,109.7470843
0.1,16,0.5,0.8,56.25874126,23.48810482,73.34044046,80.41280378
0.1,16,0.6,0.37,58.64253394,33.57255245,77.24264706,301.010412
0.1,16,0.6,0.5,60.14705882,29.92400744,83.04844883,136.4082673
0.1,16,0.6,0.61,66.85606061,39.3455335,81.96259404,101.4426272
0.1,16,0.6,0.7,66.66666667,34.95735294,81.36697248,74.54968427
0.1,16,0.6,0.8,66.04278075,40.16122365,85.22014052,59.1142564
0.1,16,0.7,0.37,66.66666667,43.42361111,82.48658537,210.0305154
0.1,16,0.7,0.5,73.25203252,40.94537815,87.39522417,109.5357221
0.1,16,0.7,0.61,73.20508416,40.35185185,87.53150482,78.16189595
0.1,16,0.7,0.7,74.45628998,42.08128079,88.90569982,55.62562639
0.1,16,0.7,0.8,75.30487805,51.22159091,88.2264268,46.05923603
0.1,16,0.8,0.37,73.80952381,37.41935484,93.68655241,164.0732561
0.1,16,0.8,0.5,75.27777778,44.66666667,93.76937984,85.43667883
0.1,16,0.8,0.61,80.53997195,52.96491228,95.65217391,58.60357446
0.1,16,0.8,0.7,80.82706767,51.20689655,94.87325175,44.60621046
0.1,16,0.8,0.8,80.70330969,53.78019324,93.27380952,36.01920295
0.1,16,0.9,0.37,76.83363148,55.02525253,96.42857143,126.2512353
0.1,16,0.9,0.5,83.79594899,61.79045093,96.97150735,73.23092104
0.1,16,0.9,0.61,85.23965142,61.42272727,97.5,48.29603994
0.1,16,0.9,0.7,88.28431373,69.04545455,97.36842105,39.32640328
0.1,16,0.9,0.8,88.04761905,70.20833333,96.97150735,31.54405423
0.1,21,0.5,0.37,56.01135191,25.52380952,79.64788732,374.7542089
0.1,21,0.5,0.5,58.82768362,27.08333333,78.23376623,190.8321264
0.1,21,0.5,0.61,59.14770192,30.47690015,78.78090659,133.4397858
0.1,21,0.5,0.7,58.88544892,23.36999022,78.68544339,104.1867421
0.1,21,0.5,0.8,58.95320197,31.85810811,77.77772095,75.20570975
0.1,21,0.6,0.37,65.10869565,29.75061576,83.34305317,309.0022163
0.1,21,0.6,0.5,68.68872549,42.66964286,82.8755102,143.2094199
0.1,21,0.6,0.61,69.13919414,40.35714286,88.94115442,92.77325001
0.1,21,0.6,0.7,70.70044709,38.54458042,86.46875,66.82681998
0.1,21,0.6,0.8,70.97783572,39.48621857,86.10080645,56.89976083
0.1,21,0.7,0.37,77.0979021,44.37820513,91.56417112,218.068502
0.1,21,0.7,0.5,79.23850575,45.48051075,93.18604651,93.36170195
0.1,21,0.7,0.61,78.28009828,44.375,95.69805195,69.15424491
0.1,21,0.7,0.7,78,48.95,91.3961039,54.49616685
0.1,21,0.7,0.8,79.74358974,46.57608696,94.24813587,41.18241258
0.1,21,0.8,0.37,83.33333333,49.01069519,96.64983165,151.6698483
0.1,21,0.8,0.5,84.73193473,54.18300654,97.33463727,83.6948404
0.1,21,0.8,0.61,86.26923077,58.63076923,100,56.68772567
0.1,21,0.8,0.7,86.51515152,51.0326087,96.49074074,43.84401929
0.1,21,0.8,0.8,87.22826087,68.18181818,96.36574074,34.78491404
0.1,21,0.9,0.37,90.90909091,66.40625,100,133.9963634
0.1,21,0.9,0.5,92.85714286,61.16071429,100,68.66172985
0.1,21,0.9,0.61,93.74389052,75.00773994,100,48.74634949
0.1,21,0.9,0.7,93.64919355,71.53133903,100,38.12201684
0.1,21,0.9,0.8,95.12195122,77.109375,100,29.33507238
0.1,26,0.5,0.37,58.86012942,34.06976744,78.73612396,510.1042685
0.1,26,0.5,0.5,62.42436466,32.36413043,82.14102564,236.9758411
0.1,26,0.5,0.61,63.65330848,16.43396226,83.38178295,133.60323
0.1,26,0.5,0.7,62.2875817,19.77678571,79.78594322,101.7345463
0.1,26,0.5,0.8,65.6483209,35.3967429,80.33946824,75.1793219
0.1,26,0.6,0.37,73.94179894,34.125,90.69918699,313.2089577
0.1,26,0.6,0.5,69.50483092,40.11424731,90.99431818,144.9170787
0.1,26,0.6,0.61,75,39.24242424,88.49627175,97.37909004
0.1,26,0.6,0.7,70.93841642,47.46212121,88.24140798,73.43048119
0.1,26,0.6,0.8,71.41025641,41.67019027,91.45833333,54.49266877
0.1,26,0.7,0.37,80.70719603,48.25,95.83478261,253.8922544
0.1,26,0.7,0.5,81.41447368,53.02916667,94.59795322,115.6681345
0.1,26,0.7,0.61,79.70588235,50,92.6875,79.50741051
0.1,26,0.7,0.7,82.55578093,58.97537879,94.52255639,58.77930381
0.1,26,0.7,0.8,82.24789916,49.20955882,95.44888428,42.88968122
0.1,26,0.8,0.37,88.88888889,60,100,200.0113877
0.1,26,0.8,0.5,88.88888889,52.63888889,100,95.88304142
0.1,26,0.8,0.61,88.46153846,57.66666667,100,61.65003015
0.1,26,0.8,0.7,87.5,57.13636364,100,47.32366881
0.1,26,0.8,0.8,90.66133721,60.82417582,100,35.24443385
0.1,26,0.9,0.37,94.72222222,75.91346154,100,151.03821
0.1,26,0.9,0.5,95.55335968,82.07219251,100,82.79289824
0.1,26,0.9,0.61,94.73684211,80.04111842,100,53.22465395
0.1,26,0.9,0.7,95.91666667,84.40283401,100,40.34835412
0.1,26,0.9,0.8,95.91666667,82.95289855,100,32.98241817
0.15,6,0.5,0.37,23.29600953,12.46209816,35.10167878,1530.656436
0.15,6,0.5,0.5,27.84329913,14.19462281,42.36487159,599.558601
0.15,6,0.5,0.61,32.3011618,13.56277867,44.73733111,320.3413228
0.15,6,0.5,0.7,31.36622283,13.03163456,50.31437126,257.7630215
0.15,6,0.5,0.8,35.79916475,7.99796748,52.22149493,195.3211333
0.15,6,0.6,0.37,26.14132015,12.05908709,40.23860803,973.2185991
0.15,6,0.6,0.5,31.8041092,9.43592281,48.54408881,332.2982256
0.15,6,0.6,0.61,36.09311741,13.67328249,53.98609173,239.5458475
0.15,6,0.6,0.7,39.66131907,18.624523,53.78307087,189.5991579
0.15,6,0.6,0.8,40.71346194,19.10642997,55.80517067,148.9434918
0.15,6,0.7,0.37,29.86292533,14.21110024,42.97348995,649.836125
0.15,6,0.7,0.5,36.5180065,14.14126434,52.98503712,272.7918255
0.15,6,0.7,0.61,42.94755877,20.59681698,59.22065067,185.8965395
0.15,6,0.7,0.7,44.82364701,11.591835,65.08047321,144.1742951
0.15,6,0.7,0.8,46.67329797,24.50706215,61.3727209,110.1884237
0.15,6,0.8,0.37,35.88573606,18.04856734,49.51737452,625.5095134
0.15,6,0.8,0.5,42.66110903,21.00849558,56.52173913,209.921141
0.15,6,0.8,0.61,47.93331967,28.91414141,64.73498834,131.7607778
0.15,6,0.8,0.7,49.7826087,26.91262136,67.01124373,103.8715298
0.15,6,0.8,0.8,52.84230769,24.67741935,67.51970443,80.56989279
0.15,6,0.9,0.37,36.84210526,17.48636713,60.60377015,329.2694288
0.15,6,0.9,0.5,47.3317757,23.91380016,61.74538084,165.7949528
0.15,6,0.9,0.61,51.56818182,27.81214204,67.4949039,104.6549716
0.15,6,0.9,0.7,54.54253759,27.89211342,69.76434737,80.48788521
0.15,6,0.9,0.8,57.02228777,28.82139303,78.08873239,68.06013897
0.15,11,0.5,0.37,35.77490333,16.24505534,54.48674621,577.2303723
0.15,11,0.5,0.5,42.33659177,19.36835106,58.61271832,309.863978
0.15,11,0.5,0.61,43.92615886,15.75233193,63.96766718,184.8379762
0.15,11,0.5,0.7,48.69141293,25.24575602,63.81283422,145.7444474
0.15,11,0.5,0.8,48.40658282,24.91421569,64.21765334,122.8461166
0.15,11,0.6,0.37,40.45965608,9.191331924,56.57353055,378.7702838
0.15,11,0.6,0.5,46.366608,21.29669944,64.51995605,205.9971715
0.15,11,0.6,0.61,51.04493208,25.98886329,72.50681508,119.658354
0.15,11,0.6,0.7,54.67852719,26.14919355,72.21724138,93.9869049
0.15,11,0.6,0.8,53.97265077,21.87914517,73.17681532,81.39692604
0.15,11,0.7,0.37,49.12561935,23.88015517,67.09832238,305.9476693
0.15,11,0.7,0.5,55.17503805,30.14238911,73.26622596,148.4860517
0.15,11,0.7,0.61,60.33459896,34.11038306,78.37643678,97.62422598
0.15,11,0.7,0.7,60.62030075,34.36217949,78.81847319,80.16312323
0.15,11,0.7,0.8,63.90158005,34.08018868,79.44117647,59.82721758
0.15,11,0.8,0.37,56.00358423,28.25,74.84693079,220.8256122
0.15,11,0.8,0.5,63.85127109,26.45678685,78.55190957,103.8461909
0.15,11,0.8,0.61,65.51415797,39.36423298,83.83590463,76.97272542
0.15,11,0.8,0.7,67.74193548,28.51244344,82.13824425,59.73618566
0.15,11,0.8,0.8,71.27637131,45.94850065,84.3671914,47.84205185
0.15,11,0.9,0.37,61.43478261,37.66690856,76.81800717,199.0804405
0.15,11,0.9,0.5,64.85294118,33.89285714,85.77651515,89.43032794
0.15,11,0.9,0.61,69.32806324,37.70148291,85.22553191,63.64898304
0.15,11,0.9,0.7,75,46.60887097,87.82003711,53.30891243
0.15,11,0.9,0.8,76.1208577,59.00541951,91.45601987,40.34097019
0.15,16,0.5,0.37,49.75247525,18.69940322,66.27128903,460.7930988
0.15,16,0.5,0.5,53.53679698,32.21493966,71.6492222,230.5462736
0.15,16,0.5,0.61,53.33454314,28.31861958,74.48369565,148.2664659
0.15,16,0.5,0.7,55.78310696,25.26936027,72.40156974,119.4576181
0.15,16,0.5,0.8,55.74001366,26.61931818,75.36176887,81.85998137
0.15,16,0.6,0.37,56.37837838,34.71014493,74.82294935,301.4198317
0.15,16,0.6,0.5,60.35714286,25.40196078,74.41887227,152.7466254
0.15,16,0.6,0.61,61.43717728,26.53665689,80.40384615,111.3044907
0.15,16,0.6,0.7,65.24758454,34.26470588,82.29302326,76.14740083
0.15,16,0.6,0.8,66.9047619,39.77560852,80.68054518,62.18876528
0.15,16,0.7,0.37,63.71473354,31.83948864,83.80739796,204.6231206
0.15,16,0.7,0.5,69.44997511,44.13461538,86.21428571,126.0222505
0.15,16,0.7,0.61,71.01018676,45.98157051,86.02250489,78.55890551
0.15,16,0.7,0.7,73.84210526,42.40740741,88.96879756,62.37136379
0.15,16,0.7,0.8,75.68765629,45.06177326,88.17152104,45.7134713
0.15,16,0.8,0.37,72.94900222,31.83423913,89.47981366,173.7295114
0.15,16,0.8,0.5,75,42.65,90,97.11200775
0.15,16,0.8,0.61,81.27738456,53.06426332,92.1863845,63.30971217
0.15,16,0.8,0.7,80,48.75,93.58688187,48.55637654
0.15,16,0.8,0.8,79.06836784,51.07954545,93.63782051,39.10049898
0.15,16,0.9,0.37,79.58333333,60,93.06535686,137.5638191
0.15,16,0.9,0.5,82.68365817,46.25,95.65217391,73.38436166
0.15,16,0.9,0.61,84.3597263,61.79045093,95.39095745,54.14909404
0.15,16,0.9,0.7,85.85714286,60.02415459,96.45421541,42.18312449
0.15,16,0.9,0.8,87.03703704,71.06271777,96.64935065,32.28851874
0.15,21,0.5,0.37,55.73770492,24.45238095,73.1705119,381.4719858
0.15,21,0.5,0.5,58.80378657,26.24384236,77.71489229,196.682983
0.15,21,0.5,0.61,59.48557835,34.08232446,76.80858014,135.5719952
0.15,21,0.5,0.7,62.64398252,25.07575758,81.34615385,95.18792743
0.15,21,0.5,0.8,60.8290378,38.62745098,80.91170307,82.07397701
0.15,21,0.6,0.37,64.22222222,35.3125,82.65259197,285.2313783
0.15,21,0.6,0.5,67.51962323,39.12466398,87.82327586,153.4171629
0.15,21,0.6,0.61,71.30750605,44.30878553,87.78750444,97.59119014
0.15,21,0.6,0.7,71.62977867,45.64542484,90.33396521,71.09156818
0.15,21,0.6,0.8,71.91607685,40.84448161,86.10862069,56.67781813
0.15,21,0.7,0.37,75,44.44444444,92.6875,198.7111195
0.15,21,0.7,0.5,76.39318885,34.36535764,92.02088648,113.9339535
0.15,21,0.7,0.61,77.38636364,43.6910299,92.59615385,79.80053692
0.15,21,0.7,0.7,78.55089132,57.5,93.42859719,55.47282218
0.15,21,0.7,0.8,75.86206897,31.77747253,91.20014245,47.42812666
0.15,21,0.8,0.37,82.84313725,52.83333333,96.54719235,170.8871609
0.15,21,0.8,0.5,85.91269841,55.14285714,96.92362429,84.73289801
0.15,21,0.8,0.61,85,59.48333333,96.45933014,63.50327746
0.15,21,0.8,0.7,85.71428571,47.74264706,98.16345504,46.42336001
0.15,21,0.8,0.8,86.02325581,61.40740741,97.77777778,36.34143053
0.15,21,0.9,0.37,88.67521368,66.66666667,100,127.7938834
0.15,21,0.9,0.5,92.30769231,71.80555556,100,74.77969618
0.15,21,0.9,0.61,93.75,73.15860215,100,50.08925178
0.15,21,0.9,0.7,92.47641509,73.68421053,100,39.7051425
0.15,21,0.9,0.8,93.84469697,76.78846154,100,32.74303292
0.15,26,0.5,0.37,60.87996174,31.15384615,82.61981074,440.0071822
0.15,26,0.5,0.5,60.1369863,18.80636071,77.83918129,266.3770118
0.15,26,0.5,0.61,62.75684932,23.63829787,82.375,142.8719074
0.15,26,0.5,0.7,63.15789474,31.60625,83.3374567,109.7928062
0.15,26,0.5,0.8,61.58500878,32.84037559,81.51126225,86.30507224
0.15,26,0.6,0.37,68.42105263,41.82029178,86.34214744,343.6385333
0.15,26,0.6,0.5,73.4591195,42.71014493,90.66012002,161.0695714
0.15,26,0.6,0.61,70.46004843,26.17142857,88.80106851,105.4367575
0.15,26,0.6,0.7,73.33333333,48.23030303,89.8362069,78.21053508
0.15,26,0.6,0.8,69.87032799,50,87.52338877,60.44326824
0.15,26,0.7,0.37,78.97727273,36.36363636,94.86111111,244.2221736
0.15,26,0.7,0.5,82.68365817,50,100,124.1834369
0.15,26,0.7,0.61,84.32748538,50,96.74242424,81.16404537
0.15,26,0.7,0.7,80.70719603,55.55555556,93.96808511,60.51170833
0.15,26,0.7,0.8,83.33333333,51.4516129,97.02308362,47.56006578
0.15,26,0.8,0.37,86.51515152,47.08333333,100,188.052658
0.15,26,0.8,0.5,87.5,61.53846154,100,101.381799
0.15,26,0.8,0.61,88.88888889,67.38636364,100,69.23120756
0.15,26,0.8,0.7,88.37209302,66.66666667,100,49.98923777
0.15,26,0.8,0.8,90,60.30214425,100,39.04229723
0.15,26,0.9,0.37,93.33333333,78.83333333,100,160.1222458
0.15,26,0.9,0.5,95.45454545,80,100,91.19920565
0.15,26,0.9,0.61,95.45454545,63.16666667,100,57.31744113
0.15,26,0.9,0.7,95.23809524,76.94444444,100,43.34637242
0.15,26,0.9,0.8,96.15384615,74.03846154,100,33.95774852
0.2,6,0.5,0.37,19.75890841,7.753436232,31.40961857,1325.389817
0.2,6,0.5,0.5,26.85648114,11.90967742,40.30708927,621.1944102
0.2,6,0.5,0.61,26.48766407,10.53032744,40.47744891,460.7872679
0.2,6,0.5,0.7,29.52535469,13.53955084,43.01024971,352.3418616
0.2,6,0.5,0.8,33.09200544,10.36957255,48.23274964,184.9902888
0.2,6,0.6,0.37,24.41988285,9.087755102,37.22638934,930.3674928
0.2,6,0.6,0.5,30.565649,13.08867417,43.18870659,444.6940792
0.2,6,0.6,0.61,34.45949157,14.79935762,47.1715726,345.4172743
0.2,6,0.6,0.7,35.45149379,19.33699366,51.16879235,244.6834779
0.2,6,0.6,0.8,40.99259031,21.35571561,54.95310245,166.0774554
0.2,6,0.7,0.37,28.80455987,11.79812207,41.63944981,604.8099181
0.2,6,0.7,0.5,34.35869761,18.81864424,49.20836823,295.0209761
0.2,6,0.7,0.61,36.81775801,20.4158215,56.37225056,174.9137205
0.2,6,0.7,0.7,41.27784784,21.76163028,57.040215,151.1426494
0.2,6,0.7,0.8,44.38717068,21.61969161,58.09717949,124.2773289
0.2,6,0.8,0.37,31.73291492,13.44472362,46.77019315,573.2192524
0.2,6,0.8,0.5,39.66885605,17.48809524,51.46650469,283.1810823
0.2,6,0.8,0.61,43.37679516,16.08685533,59.24460529,174.8353166
0.2,6,0.8,0.7,46.98029243,21.97916667,64.81152762,107.8837727
0.2,6,0.8,0.8,50.48558897,23.67256637,70.06928043,88.3806826
0.2,6,0.9,0.37,36.18045816,15.41971223,51.96228502,404.9829809
0.2,6,0.9,0.5,41.82447741,20.20410648,58.39821429,229.8801502
0.2,6,0.9,0.61,49.61353231,26.54597701,64.575,127.4047387
0.2,6,0.9,0.7,50,19.46636925,66.0944227,92.88819413
0.2,6,0.9,0.8,53.64721485,26.16854251,70.26041667,76.32575539
0.2,11,0.5,0.37,34.86412109,6.195717403,51.35,544.2712635
0.2,11,0.5,0.5,39.16749012,19.24673988,57.28422143,361.7782253
0.2,11,0.5,0.61,42.60992908,19.36288305,61.185917,220.8954339
0.2,11,0.5,0.7,47.01778386,14.60699023,63.24440521,170.7822972
0.2,11,0.5,0.8,48.2033516,24.23724083,65.65738635,121.3854186
0.2,11,0.6,0.37,38.92056661,14.48808376,58.37315007,489.7259695
0.2,11,0.6,0.5,46.86579378,16.17788462,63.80681818,232.5326012
0.2,11,0.6,0.61,48.80944882,26.03635746,68.95612158,141.8410613
0.2,11,0.6,0.7,52.71342771,32.21108914,67.633579,113.922019
0.2,11,0.6,0.8,53.41586725,22.61969112,69.58389191,82.1544013
0.2,11,0.7,0.37,44.67120181,23.54292929,65.5514316,341.5338321
0.2,11,0.7,0.5,53.64622897,26.4745628,67.66467374,174.4962896
0.2,11,0.7,0.61,56.25727214,32.84037559,73.15555556,115.9400769
0.2,11,0.7,0.7,59.31712963,30.3954918,75.66953539,94.39130597
0.2,11,0.7,0.8,60.3030303,35.82634494,77.22547974,65.5622828
0.2,11,0.8,0.37,51.09126984,23.00385728,71.26347867,236.138094
0.2,11,0.8,0.5,57.87878788,30.83674863,79.75641026,119.8601554
0.2,11,0.8,0.61,62.42857143,30.35511364,76.43919365,82.65866511
0.2,11,0.8,0.7,66.66666667,38.23943662,81.57579218,68.49931936
0.2,11,0.8,0.8,67.48493976,40.10230179,81.75,53.31200461
0.2,11,0.9,0.37,54.9299569,24.68829787,75,208.9889325
0.2,11,0.9,0.5,64.76034858,36.359375,77.18083183,108.3301236
0.2,11,0.9,0.61,70.72944297,43.3266129,86.41168564,75.66871822
0.2,11,0.9,0.7,71.73076923,48.75,85.06566604,55.48643583
0.2,11,0.9,0.8,72.29532164,44.70710838,85.46161255,45.32068195
0.2,16,0.5,0.37,45.61268473,10.50859808,65.01679929,497.6140675
0.2,16,0.5,0.5,51.29617267,23.52482877,70.36067708,229.4630562
0.2,16,0.5,0.61,49.54239121,23.92117117,68.93899281,159.3526229
0.2,16,0.5,0.7,54.61647727,20.53648904,75.48611111,117.6853156
0.2,16,0.5,0.8,53.61149665,28.1426299,74.79312354,101.4424826
0.2,16,0.6,0.37,54.27631579,32.26489028,75.75581395,333.188299
0.2,16,0.6,0.5,57.87323944,26.14500913,75.86534721,166.5599908
0.2,16,0.6,0.61,59.43433544,30.81376518,79.06976744,115.9226825
0.2,16,0.6,0.7,62.37928738,32.21626984,81.11558432,87.77561209
0.2,16,0.6,0.8,63.0952381,36.47288777,81.0839599,68.41511207
0.2,16,0.7,0.37,62.06349206,28.40808824,78.74730603,229.2265556
0.2,16,0.7,0.5,65.8145443,39.44805195,85.85451977,126.1728541
0.2,16,0.7,0.61,69.49152542,39.24758221,86.78696343,91.71594601
0.2,16,0.7,0.7,71.04166667,42.31303419,86.37083812,66.46668803
0.2,16,0.7,0.8,72.79220779,50.98830409,85.40601023,53.10265483
0.2,16,0.8,0.37,66.66666667,41.95588235,86.32130125,193.2279452
0.2,16,0.8,0.5,74.05329593,45.87583149,87.84368071,101.5185077
0.2,16,0.8,0.61,76.33971292,46.36363636,90.12804878,69.41654961
0.2,16,0.8,0.7,77.68199234,47.90229885,91.88663746,55.66194622
0.2,16,0.8,0.8,80.16393443,52.15909091,91.73330888,43.69384311
0.2,16,0.9,0.37,75.33783784,48.85869565,87.55210643,162.5940823
0.2,16,0.9,0.5,82.85714286,48.95833333,94.51357466,78.89738109
0.2,16,0.9,0.61,82.57452575,62.50980392,94.80743243,58.32835006
0.2,16,0.9,0.7,83.33333333,65.41666667,94.57692308,47.47621152
0.2,16,0.9,0.8,84.43637342,66.60805445,95.67836257,37.14393279
0.2,21,0.5,0.37,52.64808362,22.88654384,73.00495427,538.7507614
0.2,21,0.5,0.5,58.62068966,31.07331224,75.31740105,263.4251667
0.2,21,0.5,0.61,61.25703565,31.67410714,76.57594937,156.0458373
0.2,21,0.5,0.7,59.34065934,31.70138889,82.8320029,110.9909632
0.2,21,0.5,0.8,59.97513616,36.71555197,78.05364964,86.3236572
0.2,21,0.6,0.37,67.34949833,26.19614512,85.60483871,314.2798877
0.2,21,0.6,0.5,66.66666667,25.97058824,85.0888123,155.7209642
0.2,21,0.6,0.61,70.51975052,41.18055556,85.57291667,105.818039
0.2,21,0.6,0.7,70.68965517,41.55995935,86.12980769,80.77577616
0.2,21,0.6,0.8,70.62793427,46.30787037,86.95588235,62.53064663
0.2,21,0.7,0.37,73.60681115,38.00281955,89.28981349,239.9239687
0.2,21,0.7,0.5,75,45.45755968,93.61904762,120.8387233
0.2,21,0.7,0.61,75.27777778,41,92.9864532,81.19567756
0.2,21,0.7,0.7,78.34612106,55.21875,92.28046595,62.85325888
0.2,21,0.7,0.8,77.75856105,53.65831843,93.45634096,49.4852813
0.2,21,0.8,0.37,82.69230769,51.82692308,95.74728261,174.808426
0.2,21,0.8,0.5,81.69856459,57.48161765,97.18402226,98.99461063
0.2,21,0.8,0.61,85.23965142,59.25925926,96.71842105,65.76803633
0.2,21,0.8,0.7,86.50151668,68.125,96.95833333,52.90136414
0.2,21,0.8,0.8,84.57880435,60,97.33967583,42.09634949
0.2,21,0.9,0.37,88.5620915,55.77922078,100,155.0850093
0.2,21,0.9,0.5,91.30434783,68.25,100,82.21832812
0.2,21,0.9,0.61,91.66666667,75,100,55.44929015
0.2,21,0.9,0.7,91.98717949,70.02232143,100,42.95291039
0.2,21,0.9,0.8,92.58241758,76.07954545,100,36.48451121
0.2,26,0.5,0.37,57.89473684,27.18438538,77.83653846,649.6278726
0.2,26,0.5,0.5,62.18202374,22.01417004,78.65677321,289.5447998
0.2,26,0.5,0.61,62.95098039,37.36897275,77.96054738,172.6027104
0.2,26,0.5,0.7,62.98241329,23.91227181,82.97058824,119.5073212
0.2,26,0.5,0.8,63.32962551,41.17716802,81.73649059,102.8266968
0.2,26,0.6,0.37,71.2406015,45,86.83157568,412.498513
0.2,26,0.6,0.5,72.38562092,37.01612903,89.56896552,190.3858052
0.2,26,0.6,0.61,73.57679914,38.6875,87.83368644,125.7603914
0.2,26,0.6,0.7,75.46002007,36.73863636,90.55514158,91.53167329
0.2,26,0.6,0.8,73.33846831,46.39857881,92.225,73.22730686
0.2,26,0.7,0.37,81.98051948,45.46875,95.86309524,285.9489538
0.2,26,0.7,0.5,82.35294118,41.65217391,93.69047619,154.7258553
0.2,26,0.7,0.61,81.96594427,48.85869565,95.47643443,94.69803099
0.2,26,0.7,0.7,82.13675214,56.74208145,97.7791502,69.01486828
0.2,26,0.7,0.8,80.24390244,47.98076923,94.81951872,54.97754897
0.2,26,0.8,0.37,87.5,53.25854701,100,223.4518222
0.2,26,0.8,0.5,87.75,63.16666667,100,111.641998
0.2,26,0.8,0.61,87.79761905,65.6372549,100,73.54157306
0.2,26,0.8,0.7,89.56442831,65.9057971,100,56.67265494
0.2,26,0.8,0.8,91.1878882,73.79290618,100,45.46575143
0.2,26,0.9,0.37,93.33333333,77.375,100,192.7613232
0.2,26,0.9,0.5,94.73684211,71.42857143,100,97.35268977
0.2,26,0.9,0.61,94.59064327,82.07219251,100,66.15532378
0.2,26,0.9,0.7,95.91666667,77.32905983,100,50.07732436
0.2,26,0.9,0.8,95,66.23626374,100,37.04502898
0.25,6,0.5,0.37,19.56995274,8.508480826,30.24651675,1638.780373
0.25,6,0.5,0.5,23.59767892,11.0397334,36.02543251,739.5382552
0.25,6,0.5,0.61,27.17121588,7.015832348,45.74598163,420.9674733
0.25,6,0.5,0.7,31.03513881,11.69147789,40.4667398,348.7006574
0.25,6,0.5,0.8,31.7989418,14.96880357,45.11529642,270.6031407
0.25,6,0.6,0.37,22.74408794,10.32683058,33.09934612,1276.388515
0.25,6,0.6,0.5,26.8738995,8.112812955,41.64973262,483.2349423
0.25,6,0.6,0.61,32.22821204,15.7459334,48.74734945,342.6142687
0.25,6,0.6,0.7,35.11828472,13.21934724,50.53142303,245.9046499
0.25,6,0.6,0.8,38.00097752,21.69730906,51.74517826,213.4098701
0.25,6,0.7,0.37,24.85741445,2.565008013,38.53568298,692.2559931
0.25,6,0.7,0.5,31.18456925,4.748452697,48.58078388,387.8746433
0.25,6,0.7,0.61,36.63945712,13.63700164,49.58692116,246.1633308
0.25,6,0.7,0.7,38.98163757,13.59782609,56.74854207,197.888024
0.25,6,0.7,0.8,41.79664542,14.46969697,63.19175971,129.1528743
0.25,6,0.8,0.37,28.08411404,14.61521883,40.821973,759.6778377
0.25,6,0.8,0.5,34.26975085,9.541751825,52.2326857,241.1669651
0.25,6,0.8,0.61,39.10599078,12.83887987,55.93998738,177.6168288
0.25,6,0.8,0.7,41.64258189,19.03555844,58.7553931,126.8479392
0.25,6,0.8,0.8,47.41165581,22.57407407,62.12897715,103.6368199
0.25,6,0.9,0.37,29.83298827,10.10585003,47.15163934,489.2250613
0.25,6,0.9,0.5,36.14327229,14.0296875,55.30965046,225.3041503
0.25,6,0.9,0.61,42.79106858,20.58849558,61.43407244,153.9858038
0.25,6,0.9,0.7,48.31982438,22.97619048,64.42266949,106.5594897
0.25,6,0.9,0.8,50.96302922,18.90095729,67.02307692,83.72621105
0.25,11,0.5,0.37,31.29684306,14.42729534,47.17712819,832.7339101
0.25,11,0.5,0.5,36.46138807,14.36416185,53.77540011,340.0883016
0.25,11,0.5,0.61,38.46095584,10.23573802,60.23447205,221.0683497
0.25,11,0.5,0.7,43.97020512,16.18679381,61.34746449,198.8490562
0.25,11,0.5,0.8,41.85936444,14.5308399,61.56554186,131.6438649
0.25,11,0.6,0.37,36.75584692,8.35106383,51.39132166,531.5760491
0.25,11,0.6,0.5,43.75572519,17.65625,62.79971277,240.2558582
0.25,11,0.6,0.61,48.14814815,22.85523114,62.46886792,171.3351554
0.25,11,0.6,0.7,50.16778523,22.74609375,70.10000731,136.768553
0.25,11,0.6,0.8,50.35714286,28.28799877,68.28368999,112.950653
0.25,11,0.7,0.37,43.97041807,21.48614191,57.90172804,440.7683326
0.25,11,0.7,0.5,47.72881356,26.88311688,67.17261905,209.1753729
0.25,11,0.7,0.61,52.62253779,24.28001876,68.72590174,138.5229148
0.25,11,0.7,0.7,56.30188679,27.59024064,73.15642035,94.56950791
0.25,11,0.7,0.8,59.17479675,32.84855769,75.82056452,72.70619252
0.25,11,0.8,0.37,45.8315241,15.77669346,66.03855006,289.4738087
0.25,11,0.8,0.5,54.79037013,23.87241055,74.22680412,148.3285066
0.25,11,0.8,0.61,59.6875,37.09252837,78.13731811,98.0405037
0.25,11,0.8,0.7,61.6902834,32.41339313,75.26111111,79.6761976
0.25,11,0.8,0.8,64.19413919,25.49007444,82.07842991,61.10212099
0.25,11,0.9,0.37,54.3487395,23.31761006,71.72675026,238.308498
0.25,11,0.9,0.5,59.67741935,32.95569407,79.87162162,123.6233143
0.25,11,0.9,0.61,63.37868481,34.6,80.84935438,78.42484867
0.25,11,0.9,0.7,69.42276423,29.58333333,81.66759362,66.19747784
0.25,11,0.9,0.8,72.4744898,40.28335725,84.89312771,51.26474806
0.25,16,0.5,0.37,43.01215278,19.74390244,63.07915458,620.462695
0.25,16,0.5,0.5,47.88120376,28.48124637,64.95406235,321.1785314
0.25,16,0.5,0.61,50.72125363,24.75806452,68.52530608,216.9908053
0.25,16,0.5,0.7,53.70594566,27.71134021,70.01020871,131.7401513
0.25,16,0.5,0.8,55.97157502,39.9849485,74.58782743,112.2459739
0.25,16,0.6,0.37,50,27.82103825,71.71704116,384.4101204
0.25,16,0.6,0.5,55.13157895,21.85359801,70.44972826,201.1199311
0.25,16,0.6,0.61,59.5732607,26.42857143,77.73148148,127.5679848
0.25,16,0.6,0.7,59.41686367,35.34994553,77.08710081,100.315448
0.25,16,0.6,0.8,61,35.99669343,81.40470833,77.49514748
0.25,16,0.7,0.37,60.87996174,31.58333333,75.17045455,319.0303959
0.25,16,0.7,0.5,65.54987212,37.23325062,83.94241922,154.0249952
0.25,16,0.7,0.61,66.44144144,38.75675676,85.43918919,102.0766898
0.25,16,0.7,0.7,70.73715562,44.45684524,86.58525595,73.38116414
0.25,16,0.7,0.8,72.07602339,39.02717391,86.03463366,58.99341224
0.25,16,0.8,0.37,63.0075188,32.96037296,83.33333333,211.5484364
0.25,16,0.8,0.5,70.22285443,38.5483871,88.44148597,119.1326747
0.25,16,0.8,0.61,75.47440029,48.85869565,89.20833333,79.22247818
0.25,16,0.8,0.7,74.75490196,48.48585323,90.40322581,59.66893918
0.25,16,0.8,0.8,77.88888889,51.07954545,91.3961039,47.27179156
0.25,16,0.9,0.37,72.31800766,35.47491039,90.40322581,177.6402648
0.25,16,0.9,0.5,78.19293478,57.63111888,93.32685905,94.52260164
0.25,16,0.9,0.61,79.74358974,53.72916667,90.80952381,62.22441869
0.25,16,0.9,0.7,82.35294118,55.44117647,93.83375675,50.89967075
0.25,16,0.9,0.8,84.2621259,57.66666667,95.8869606,39.73636673
0.25,21,0.5,0.37,54.91155186,25.33928571,74.22364672,623.6782971
0.25,21,0.5,0.5,55.95575723,23.08257919,74.01639851,256.7810038
0.25,21,0.5,0.61,60.85987787,37.24242424,79.04261705,171.3664378
0.25,21,0.5,0.7,60.40989527,22.82888521,75.50996973,136.9329854
0.25,21,0.5,0.8,59.86394558,34.7501717,78.41233297,101.6927429
0.25,21,0.6,0.37,63.54754668,25.96283784,83.49242424,361.8675125
0.25,21,0.6,0.5,67.39439962,32.58865248,85.15,192.1037625
0.25,21,0.6,0.61,65.91274397,37.42424242,83.0849359,136.8775098
0.25,21,0.6,0.7,68.88204225,34.17488324,89.09722222,93.20277478
0.25,21,0.6,0.8,70.56980057,44.60943396,85.0422984,73.9126217
0.25,21,0.7,0.37,69.84848485,26.48411371,87.69886364,274.0402401
0.25,21,0.7,0.5,76.74418605,43.6637931,92.79758482,144.8182816
0.25,21,0.7,0.61,76.22529644,58.06818182,88.41905188,94.86256783
0.25,21,0.7,0.7,75.93103448,52.19251337,91.64335664,70.75163821
0.25,21,0.7,0.8,79.41855988,51.13095238,92.95905707,56.51375846
0.25,21,0.8,0.37,80.38461538,60,94.64488636,219.6211849
0.25,21,0.8,0.5,84.61174242,63.87019231,96.09090909,113.3404993
0.25,21,0.8,0.61,85.67031464,61.36128364,95.29656319,77.49209783
0.25,21,0.8,0.7,86.00571195,62.66964286,97.05882353,58.61078571
0.25,21,0.8,0.8,85.27000964,60.28787879,96.11802413,47.44458398
0.25,21,0.9,0.37,89.08730159,61.72727273,100,166.5636264
0.25,21,0.9,0.5,90,63.89318885,100,95.09252398
0.25,21,0.9,0.61,91.66666667,69.99545455,100,65.41390234
0.25,21,0.9,0.7,92.59259259,69.59615385,100,49.08115926
0.25,21,0.9,0.8,94.36507937,78.80645161,100,38.62693832
0.25,26,0.5,0.37,61.29032258,32.50794492,77.70486556,715.2225452
0.25,26,0.5,0.5,61.94357367,24.38138138,80.87258454,303.5313678
0.25,26,0.5,0.61,63.55072464,25.74429772,83.2861991,192.9271453
0.25,26,0.5,0.7,64.06629642,39.89791988,84.85753676,146.5425238
0.25,26,0.5,0.8,63.32503113,30.35063752,83.01850913,116.5376144
0.25,26,0.6,0.37,68.73433584,40.43067227,86.35,524.693423
0.25,26,0.6,0.5,71.42857143,35.58712121,90.76265146,243.048651
0.25,26,0.6,0.61,73.17073171,46.73400673,87.69886364,149.6700574
0.25,26,0.6,0.7,72.04861111,44.55357143,87.92613636,100.9309091
0.25,26,0.6,0.8,72.11111111,42.59946237,91.47941889,79.4838581
0.25,26,0.7,0.37,77.22222222,42.56868132,94.44444444,335.8398186
0.25,26,0.7,0.5,82.33766234,46.21657754,96.69662309,172.9322304
0.25,26,0.7,0.61,82.2875817,55.92982456,94.87145682,114.3613921
0.25,26,0.7,0.7,81.16554054,58.98387097,96.11414392,79.93852426
0.25,26,0.7,0.8,81.98051948,58.54288499,96.49122807,63.61969341
0.25,26,0.8,0.37,89.18128655,57.70833333,100,279.1143724
0.25,26,0.8,0.5,88.88888889,67.38636364,100,127.9981178
0.25,26,0.8,0.61,90.39938556,57.19887955,100,86.40347886
0.25,26,0.8,0.7,88.16526611,61.72727273,100,66.87212709
0.25,26,0.8,0.8,90.76704545,65.79545455,100,48.98681573
0.25,26,0.9,0.37,96.29120879,72.72727273,100,222.3586054
0.25,26,0.9,0.5,93.75,70.98739496,100,115.3887157
0.25,26,0.9,0.61,96.55172414,80.59375,100,73.64607529
0.25,26,0.9,0.7,95.06097561,73.18181818,100,57.14997127
0.25,26,0.9,0.8,95.83333333,82.19230769,100,42.44021052
0.3,6,0.5,0.37,16.84000957,7.06548267,28.23417168,1819.353152
0.3,6,0.5,0.5,20.24867374,7.387099113,32.61536229,782.1835003
0.3,6,0.5,0.61,25.59458746,10.52806182,36.37546125,631.7771192
0.3,6,0.5,0.7,25.7885763,11.70506995,40.53714064,387.7513308
0.3,6,0.5,0.8,28.29781848,8.134615385,45.57955572,294.5099086
0.3,6,0.6,0.37,19.37725285,9.070847979,30.12989081,1477.512251
0.3,6,0.6,0.5,25.09199298,8.332021541,37.68921047,605.4213035
0.3,6,0.6,0.61,28.82496369,14.33006536,41.68859649,349.9051335
0.3,6,0.6,0.7,29.65517241,6.585648148,44.94555171,265.8215741
0.3,6,0.6,0.8,36.06454389,16.53778578,46.57415533,205.5156384
0.3,6,0.7,0.37,24.09411379,11.42034393,33.84287739,1026.114972
0.3,6,0.7,0.5,30.6002401,11.84375,45.67837847,489.3070197
0.3,6,0.7,0.61,34.53832753,14.54625398,46.90349544,271.026054
0.3,6,0.7,0.7,36.84322156,15.51591337,50.97948973,193.9085012
0.3,6,0.7,0.8,37.8921332,14.98688156,53.37705634,164.2874893
0.3,6,0.8,0.37,25.65964685,14.55975511,37.4375,831.5271366
0.3,6,0.8,0.5,32.54540191,15.6306397,48.46013476,369.4102255
0.3,6,0.8,0.61,37.4692039,18.34915409,54.78386497,247.0150696
0.3,6,0.8,0.7,40.40819827,22.38047337,58.29450758,161.7851965
0.3,6,0.8,0.8,42.69181702,15.88986433,60.3817475,119.6039298
0.3,6,0.9,0.37,28.35606604,8.412859825,43.56699031,508.0343905
0.3,6,0.9,0.5,37.47087348,18.28924491,51.16666667,300.9440982
0.3,6,0.9,0.61,41.84013163,18.72728748,57.53759398,170.0899354
0.3,6,0.9,0.7,44.09813467,18.3266129,59.83333333,137.1212288
0.3,6,0.9,0.8,48.07971014,15.87779232,64.56348802,97.06636187
0.3,11,0.5,0.37,29.3797954,2.85942029,48.5746429,678.6932628
0.3,11,0.5,0.5,34.55996132,16.21165644,51.9669332,385.5859458
0.3,11,0.5,0.61,37.01401746,13.88497199,55.44839255,279.4855945
0.3,11,0.5,0.7,39.76796375,18.56834956,56.45356899,212.6667057
0.3,11,0.5,0.8,41.43273092,16.89583333,59.02810945,162.0544954
0.3,11,0.6,0.37,34.0544157,13.22058824,49.69420601,710.840386
0.3,11,0.6,0.5,41.33575464,18.41101695,60.2233929,293.4530354
0.3,11,0.6,0.61,44.48784722,20.53521699,57.88352273,195.6141858
0.3,11,0.6,0.7,48.70962371,24.47860686,65.47727273,153.5824011
0.3,11,0.6,0.8,51.21216574,24.9108889,71.14186047,120.8922702
0.3,11,0.7,0.37,41.19198688,20.71889547,54.26177536,553.0719026
0.3,11,0.7,0.5,46.38501742,23.6972973,61.89637483,256.7815858
0.3,11,0.7,0.61,50.30120482,15.54883319,71.86910748,149.5203033
0.3,11,0.7,0.7,53.3073207,28.40192308,69.39516129,118.3508509
0.3,11,0.7,0.8,55.30731974,20.44186047,74.03638346,86.28455114
0.3,11,0.8,0.37,46.07718613,16.32472826,63.70833333,364.356644
0.3,11,0.8,0.5,48.88888889,23.79047179,68.50424178,190.0425761
0.3,11,0.8,0.61,57.97601744,35.19757433,74.1298151,106.0475895
0.3,11,0.8,0.7,58.1238215,31.93876508,75.12041284,90.03960081
0.3,11,0.8,0.8,62.98148148,32.53787879,81.89903846,67.83324043
0.3,11,0.9,0.37,47.86149163,21.00405306,70.91933232,280.483657
0.3,11,0.9,0.5,55.13157895,32.97619048,73.02183735,140.579711
0.3,11,0.9,0.61,62.48609566,33.18214804,80.01250782,93.67276198
0.3,11,0.9,0.7,64.52991453,36.14285714,81.18101266,74.66961584
0.3,11,0.9,0.8,68.18181818,42.5630517,82.84292035,56.0511456
0.3,16,0.5,0.37,43.79807692,11.62271805,60.10466989,579.8891533
0.3,16,0.5,0.5,47.00892857,22.77122642,64.62519562,387.589747
0.3,16,0.5,0.61,46.92804102,21.26982097,71.58545023,204.7482768
0.3,16,0.5,0.7,52.67741935,29.57988002,72.75051687,149.3728311
0.3,16,0.5,0.8,54.67294255,20.19012238,73.24903154,119.8849256
0.3,16,0.6,0.37,47.5020145,19.8125,66.98484848,394.5416158
0.3,16,0.6,0.5,53.43170239,30.03205128,71.09803117,255.2473757
0.3,16,0.6,0.61,56.98051948,23.95039683,74.90512497,141.111448
0.3,16,0.6,0.7,60.47077922,34.68129653,73.71428571,128.3927201
0.3,16,0.6,0.8,64.49714537,36.0218332,80,99.92191882
0.3,16,0.7,0.37,57.46434938,26.68538485,73.86363636,390.5749099
0.3,16,0.7,0.5,61.66666667,35.59872372,80.22058824,165.5023699
0.3,16,0.7,0.61,66.16310768,36.86298077,82.95586918,114.1696225
0.3,16,0.7,0.7,69.23624288,40.47637195,82.69199077,81.15333524
0.3,16,0.7,0.8,68.77842755,42.60043042,87.71169355,66.40132745
0.3,16,0.8,0.37,63.52339181,29.31538462,86.26736111,221.7742968
0.3,16,0.8,0.5,69.88372093,41.03030303,85.48642534,146.5131166
0.3,16,0.8,0.61,71.67919799,50,86.11594203,95.7357603
0.3,16,0.8,0.7,75,48.91079215,89.1540404,71.40081069
0.3,16,0.8,0.8,76.98612863,43.37558275,89.63290167,52.76186234
0.3,16,0.9,0.37,68.29268293,42.02651515,85.85822422,221.4684869
0.3,16,0.9,0.5,76.45576708,47.93103448,89.25185014,117.7435697
0.3,16,0.9,0.61,78.47490347,50,94.37631949,69.48858033
0.3,16,0.9,0.7,78.41832964,53.16666667,94.04807692,56.86911924
0.3,16,0.9,0.8,83.17610063,50.60897436,94.26136364,43.79410118
0.3,21,0.5,0.37,56.45848777,26.40223695,72.15072442,607.151843
0.3,21,0.5,0.5,57.42647059,29.8880597,76.40671642,363.1114307
0.3,21,0.5,0.61,59.17508418,24.8315047,76.28453947,195.3436757
0.3,21,0.5,0.7,58.59456333,21.74524854,76.77282609,156.8837367
0.3,21,0.5,0.8,62.73863242,21.47495872,79.10915842,114.4175418
0.3,21,0.6,0.37,65.45454545,39.54347826,82.6640625,405.9316212
0.3,21,0.6,0.5,67.64705882,29.99876299,81.8974359,217.2739969
0.3,21,0.6,0.61,68.25925926,46.62037037,84.98776355,152.3456626
0.3,21,0.6,0.7,69.28205128,38.325,88.68589744,105.2364029
0.3,21,0.6,0.8,70.24590164,42.66964286,88.21304348,81.87022877
0.3,21,0.7,0.37,69.6969697,27.11578947,88.41176471,296.0971688
0.3,21,0.7,0.5,74.13381123,47.43103448,88.88888889,163.1881194
0.3,21,0.7,0.61,74.73404255,39.32258065,89.7615304,104.2067024
0.3,21,0.7,0.7,77.77777778,48.359375,91.87106918,82.97058862
0.3,21,0.7,0.8,79.0165809,54.64285714,93.13041765,63.73252161
0.3,21,0.8,0.37,81.10119048,39.64052288,97.84090909,249.002684
0.3,21,0.8,0.5,80.32258065,45.79166667,95.86111111,124.5797251
0.3,21,0.8,0.61,84.84848485,57.0777592,93.91483516,88.01792696
0.3,21,0.8,0.7,84.92424242,57.0777592,95.83333333,65.35970577
0.3,21,0.8,0.8,89.00966184,67.38636364,97.71062271,46.5669427
0.3,21,0.9,0.37,86.8115942,63.97435897,100,202.4994361
0.3,21,0.9,0.5,88.88888889,53.99839744,100,102.3015163
0.3,21,0.9,0.61,89.47368421,66.66666667,97.26163664,68.72866912
0.3,21,0.9,0.7,89.64285714,71.46153846,100,56.17326507
0.3,21,0.9,0.8,92.30769231,66.66666667,100,43.01609609
0.3,26,0.5,0.37,57.65107212,17.703125,78.71059269,720.7689256
0.3,26,0.5,0.5,63.25030012,26.89009662,81.45089286,326.9213219
0.3,26,0.5,0.61,62.5,25.96283784,81.94583333,211.4324319
0.3,26,0.5,0.7,64.97012377,34.42161017,82.72862979,157.7378492
0.3,26,0.5,0.8,63.47202296,22.71026832,80.40384615,121.1625725
0.3,26,0.6,0.37,71.58385093,49.45495495,87.88484606,589.043868
0.3,26,0.6,0.5,70.36240786,36.79990967,86.05519481,279.4155084
0.3,26,0.6,0.61,73.94179894,47.49003322,92.45,163.086509
0.3,26,0.6,0.7,74.05329593,43.3032748,89.45833333,135.0035558
0.3,26,0.6,0.8,70.19977802,38.828125,90.74614065,88.33447425
0.3,26,0.7,0.37,81.53409091,38.54166667,95.4375,321.8040643
0.3,26,0.7,0.5,77.69886364,48.85869565,95.33770161,188.5930319
0.3,26,0.7,0.61,78.8676236,44.33503836,93.42532468,125.9539454
0.3,26,0.7,0.7,81.93473193,53.30039526,96.92824074,94.96867115
0.3,26,0.7,0.8,82.0855615,52.96491228,96.47952854,69.96856879
0.3,26,0.8,0.37,86.66666667,50.375,100,302.2436458
0.3,26,0.8,0.5,87.5,55.76923077,100,150.5617107
0.3,26,0.8,0.61,88.88888889,57.66666667,100,104.580782
0.3,26,0.8,0.7,90.47619048,67.65625,100,76.83374805
0.3,26,0.8,0.8,88,61.1875,100,54.81952229
0.3,26,0.9,0.37,92.72486772,66.66666667,100,243.3178441
0.3,26,0.9,0.5,95.82608696,72.04545455,100,131.584272
0.3,26,0.9,0.61,96.36243386,77.70604396,100,83.1541953
0.3,26,0.9,0.7,95.11904762,75,100,62.08745365
0.3,26,0.9,0.8,95.65217391,76.68552036,100,48.7360557
